,log_norm,alpha,alpha_weighted,log_alpha_norm,log_spectral_norm,stable_rank
0,3.0192516,4.733131345183838,6.59891078701258,6.881790247103092,1.6168334,30.96922
